-- Sample data for coopalytics database
USE `coopalytics`;

-- Skills table (40 rows - strong entity)
INSERT INTO skills (skillId, name, category) VALUES
(1, 'Python', 'Programming'),
(2, 'Java', 'Programming'),
(3, 'JavaScript', 'Programming'),
(4, 'React', 'Web Development'),
(5, 'Node.js', 'Web Development'),
(6, 'SQL', 'Database'),
(7, 'MongoDB', 'Database'),
(8, 'AWS', 'Cloud'),
(9, 'Docker', 'DevOps'),
(10, 'Git', 'Version Control'),
(11, 'Machine Learning', 'Data Science'),
(12, 'Data Analysis', 'Data Science'),
(13, 'Excel', 'Office'),
(14, 'PowerPoint', 'Office'),
(15, 'Project Management', 'Management'),
(16, 'Agile', 'Management'),
(17, 'Communication', 'Soft Skills'),
(18, 'Leadership', 'Soft Skills'),
(19, 'Problem Solving', 'Soft Skills'),
(20, 'Teamwork', 'Soft Skills'),
(21, 'C++', 'Programming'),
(22, 'C#', 'Programming'),
(23, 'PHP', 'Programming'),
(24, 'Ruby', 'Programming'),
(25, 'Swift', 'Programming'),
(26, 'Kotlin', 'Programming'),
(27, 'Angular', 'Web Development'),
(28, 'Vue.js', 'Web Development'),
(29, 'CSS', 'Web Development'),
(30, 'HTML', 'Web Development'),
(31, 'PostgreSQL', 'Database'),
(32, 'MySQL', 'Database'),
(33, 'Azure', 'Cloud'),
(34, 'GCP', 'Cloud'),
(35, 'Kubernetes', 'DevOps'),
(36, 'Jenkins', 'DevOps'),
(37, 'Tableau', 'Data Science'),
(38, 'R', 'Data Science'),
(39, 'Adobe Creative', 'Design'),
(40, 'UI/UX Design', 'Design');

-- Company Profiles table (35 rows - strong entity)
INSERT INTO companyProfiles (companyProfileId, name, bio, industry, websiteLink) VALUES
(1, 'TechNova Inc', 'Leading software development company specializing in enterprise solutions and cloud infrastructure.', 'Technology', 'www.technova.com'),
(2, 'DataFlow Systems', 'Data analytics and business intelligence platform provider serving Fortune 500 companies.', 'Technology', 'www.dataflow.com'),
(3, 'GreenEnergy Corp', 'Renewable energy solutions and sustainable technology development company.', 'Energy', 'www.greenenergy.com'),
(4, 'HealthTech Solutions', 'Healthcare technology company developing innovative medical software and devices.', 'Healthcare', 'www.healthtech.com'),
(5, 'FinanceFirst Bank', 'Regional bank offering comprehensive financial services and digital banking solutions.', 'Finance', 'www.financefirst.com'),
(6, 'AutoInnovate Ltd', 'Automotive technology company focused on electric vehicles and autonomous driving.', 'Automotive', 'www.autoinnovate.com'),
(7, 'CloudSecure Pro', 'Cybersecurity firm specializing in cloud security and data protection services.', 'Technology', 'www.cloudsecure.com'),
(8, 'BioResearch Labs', 'Biotechnology research company developing pharmaceutical and medical innovations.', 'Healthcare', 'www.bioresearch.com'),
(9, 'EcoDesign Studio', 'Sustainable architecture and environmental design consultancy.', 'Construction', 'www.ecodesign.com'),
(10, 'LogiFlow Corp', 'Supply chain management and logistics optimization company.', 'Logistics', 'www.logiflow.com'),
(11, 'MediaCraft Agency', 'Digital marketing and content creation agency for modern brands.', 'Marketing', 'www.mediacraft.com'),
(12, 'RoboTech Systems', 'Industrial automation and robotics solutions provider.', 'Manufacturing', 'www.robotech.com'),
(13, 'EduTech Platform', 'Educational technology company creating online learning solutions.', 'Education', 'www.edutech.com'),
(14, 'SportsTech Inc', 'Sports analytics and performance technology company.', 'Sports', 'www.sportstech.com'),
(15, 'FoodChain Solutions', 'Food supply chain technology and sustainability solutions.', 'Food', 'www.foodchain.com'),
(16, 'RetailNext Corp', 'Retail technology and e-commerce platform solutions.', 'Retail', 'www.retailnext.com'),
(17, 'GameDev Studios', 'Independent game development studio creating mobile and PC games.', 'Gaming', 'www.gamedev.com'),
(18, 'AeroSpace Dynamics', 'Aerospace engineering and satellite technology company.', 'Aerospace', 'www.aerospace.com'),
(19, 'CryptoSecure Ltd', 'Blockchain technology and cryptocurrency security solutions.', 'Finance', 'www.cryptosecure.com'),
(20, 'AIVision Tech', 'Computer vision and artificial intelligence solutions provider.', 'Technology', 'www.aivision.com'),
(21, 'CleanWater Corp', 'Water treatment and environmental remediation technology.', 'Environment', 'www.cleanwater.com'),
(22, 'SmartHome Systems', 'Internet of Things and smart home automation solutions.', 'Technology', 'www.smarthome.com'),
(23, 'ConsultPro Group', 'Management consulting firm specializing in digital transformation.', 'Consulting', 'www.consultpro.com'),
(24, 'MedDevice Innovations', 'Medical device manufacturing and healthcare equipment.', 'Healthcare', 'www.meddevice.com'),
(25, 'SolarPower Solutions', 'Solar energy installation and renewable power systems.', 'Energy', 'www.solarpower.com'),
(26, 'TravelTech App', 'Travel technology platform and booking solutions.', 'Travel', 'www.traveltech.com'),
(27, 'FashionForward LLC', 'Sustainable fashion technology and supply chain solutions.', 'Fashion', 'www.fashionforward.com'),
(28, 'InsureTech Pro', 'Insurance technology and risk assessment solutions.', 'Insurance', 'www.insuretech.com'),
(29, 'AgriTech Farms', 'Agricultural technology and precision farming solutions.', 'Agriculture', 'www.agritech.com'),
(30, 'VirtualReality Lab', 'Virtual and augmented reality development company.', 'Technology', 'www.vrlab.com'),
(31, 'PetCare Tech', 'Pet health monitoring and veterinary technology solutions.', 'Healthcare', 'www.petcare.com'),
(32, 'MusicStream Pro', 'Music streaming platform and audio technology company.', 'Entertainment', 'www.musicstream.com'),
(33, 'LegalTech Firm', 'Legal technology and case management software provider.', 'Legal', 'www.legaltech.com'),
(34, 'DroneLogistics Co', 'Drone delivery and aerial logistics solutions.', 'Logistics', 'www.dronelogistics.com'),
(35, 'WellnessTech Hub', 'Mental health and wellness technology platform.', 'Healthcare', 'www.wellnesstech.com');

-- Users table (40 rows - strong entity, mix of students and employers)
INSERT INTO users (userId, firstName, lastName, email, phone, major, minor, college, gradYear, grade, companyProfileId, industry) VALUES
-- Students (userId 1-30)
(1, 'Emma', 'Johnson', 'e.johnson@student.edu', '555-0101', 'Computer Science', 'Mathematics', 'NEU', '2026', 'Junior', NULL, NULL),
(2, 'Liam', 'Williams', 'l.williams@student.edu', '555-0102', 'Business', 'Economics', 'NEU', '2025', 'Senior', NULL, NULL),
(3, 'Sophia', 'Brown', 's.brown@student.edu', '555-0103', 'Engineering', 'Physics', 'NEU', '2027', 'Sophomore', NULL, NULL),
(4, 'Noah', 'Davis', 'n.davis@student.edu', '555-0104', 'Data Science', NULL, 'NEU', '2026', 'Junior', NULL, NULL),
(5, 'Olivia', 'Miller', 'o.miller@student.edu', '555-0105', 'Marketing', 'Psychology', 'NEU', '2025', 'Senior', NULL, NULL),
(6, 'Mason', 'Wilson', 'm.wilson@student.edu', '555-0106', 'Cybersecurity', NULL, 'NEU', '2026', 'Junior', NULL, NULL),
(7, 'Ava', 'Moore', 'a.moore@student.edu', '555-0107', 'Biomedical Eng', 'Chemistry', 'NEU', '2027', 'Sophomore', NULL, NULL),
(8, 'Ethan', 'Taylor', 'e.taylor@student.edu', '555-0108', 'Finance', NULL, 'NEU', '2025', 'Senior', NULL, NULL),
(9, 'Isabella', 'Anderson', 'i.anderson@student.edu', '555-0109', 'Psychology', 'Sociology', 'NEU', '2026', 'Junior', NULL, NULL),
(10, 'James', 'Thomas', 'j.thomas@student.edu', '555-0110', 'Mechanical Eng', NULL, 'NEU', '2027', 'Sophomore', NULL, NULL),
(11, 'Mia', 'Jackson', 'm.jackson@student.edu', '555-0111', 'Computer Science', NULL, 'NEU', '2025', 'Senior', NULL, NULL),
(12, 'Lucas', 'White', 'l.white@student.edu', '555-0112', 'Business', 'Data Science', 'NEU', '2026', 'Junior', NULL, NULL),
(13, 'Charlotte', 'Harris', 'c.harris@student.edu', '555-0113', 'Environmental Eng', 'Biology', 'NEU', '2027', 'Sophomore', NULL, NULL),
(14, 'Benjamin', 'Martin', 'b.martin@student.edu', '555-0114', 'Information Systems', NULL, 'NEU', '2025', 'Senior', NULL, NULL),
(15, 'Amelia', 'Garcia', 'a.garcia@student.edu', '555-0115', 'Chemical Eng', NULL, 'NEU', '2026', 'Junior', NULL, NULL),
(16, 'Henry', 'Rodriguez', 'h.rodriguez@student.edu', '555-0116', 'Computer Science', 'Mathematics', 'NEU', '2027', 'Sophomore', NULL, NULL),
(17, 'Harper', 'Lewis', 'h.lewis@student.edu', '555-0117', 'Design', 'Art', 'NEU', '2025', 'Senior', NULL, NULL),
(18, 'Alexander', 'Lee', 'a.lee@student.edu', '555-0118', 'Electrical Eng', NULL, 'NEU', '2026', 'Junior', NULL, NULL),
(19, 'Evelyn', 'Walker', 'e.walker@student.edu', '555-0119', 'International Business', 'Spanish', 'NEU', '2027', 'Sophomore', NULL, NULL),
(20, 'Sebastian', 'Hall', 's.hall@student.edu', '555-0120', 'Data Science', NULL, 'NEU', '2025', 'Senior', NULL, NULL),
(21, 'Aria', 'Allen', 'a.allen@student.edu', '555-0121', 'Marketing', NULL, 'NEU', '2026', 'Junior', NULL, NULL),
(22, 'Owen', 'Young', 'o.young@student.edu', '555-0122', 'Computer Science', NULL, 'NEU', '2027', 'Sophomore', NULL, NULL),
(23, 'Luna', 'King', 'l.king@student.edu', '555-0123', 'Business', 'Finance', 'NEU', '2025', 'Senior', NULL, NULL),
(24, 'Grayson', 'Wright', 'g.wright@student.edu', '555-0124', 'Cybersecurity', NULL, 'NEU', '2026', 'Junior', NULL, NULL),
(25, 'Chloe', 'Lopez', 'c.lopez@student.edu', '555-0125', 'Bioengineering', NULL, 'NEU', '2027', 'Sophomore', NULL, NULL),
(26, 'Carter', 'Hill', 'c.hill@student.edu', '555-0126', 'Information Systems', 'Business', 'NEU', '2025', 'Senior', NULL, NULL),
(27, 'Zoey', 'Scott', 'z.scott@student.edu', '555-0127', 'Environmental Eng', NULL, 'NEU', '2026', 'Junior', NULL, NULL),
(28, 'Luke', 'Green', 'l.green@student.edu', '555-0128', 'Mechanical Eng', NULL, 'NEU', '2027', 'Sophomore', NULL, NULL),
(29, 'Lily', 'Adams', 'l.adams@student.edu', '555-0129', 'Design', NULL, 'NEU', '2025', 'Senior', NULL, NULL),
(30, 'Jack', 'Baker', 'j.baker@student.edu', '555-0130', 'Computer Science', NULL, 'NEU', '2026', 'Junior', NULL, NULL),
-- Employers (userId 31-40)
(31, 'Sarah', 'Chen', 's.chen@technova.com', '555-0201', NULL, NULL, NULL, NULL, NULL, 1, 'Technology'),
(32, 'Michael', 'Roberts', 'm.roberts@dataflow.com', '555-0202', NULL, NULL, NULL, NULL, NULL, 2, 'Technology'),
(33, 'Jennifer', 'Thompson', 'j.thompson@greenenergy.com', '555-0203', NULL, NULL, NULL, NULL, NULL, 3, 'Energy'),
(34, 'David', 'Martinez', 'd.martinez@healthtech.com', '555-0204', NULL, NULL, NULL, NULL, NULL, 4, 'Healthcare'),
(35, 'Lisa', 'Anderson', 'l.anderson@financefirst.com', '555-0205', NULL, NULL, NULL, NULL, NULL, 5, 'Finance'),
(36, 'Robert', 'Clark', 'r.clark@autoinnovate.com', '555-0206', NULL, NULL, NULL, NULL, NULL, 6, 'Automotive'),
(37, 'Amanda', 'Lewis', 'a.lewis@cloudsecure.com', '555-0207', NULL, NULL, NULL, NULL, NULL, 7, 'Technology'),
(38, 'Christopher', 'Walker', 'c.walker@bioresearch.com', '555-0208', NULL, NULL, NULL, NULL, NULL, 8, 'Healthcare'),
(39, 'Michelle', 'Hall', 'm.hall@ecodesign.com', '555-0209', NULL, NULL, NULL, NULL, NULL, 9, 'Construction'),
(40, 'Kevin', 'Young', 'k.young@logiflow.com', '555-0210', NULL, NULL, NULL, NULL, NULL, 10, 'Logistics');

-- Demographics table (30 rows - for students only)
INSERT INTO demographics (demographicId, gender, race, nationality, sexuality, disability) VALUES
(1, 'Female', 'White', 'American', 'Heterosexual', NULL),
(2, 'Male', 'Hispanic', 'American', 'Heterosexual', NULL),
(3, 'Female', 'Asian', 'American', 'Heterosexual', NULL),
(4, 'Male', 'Black', 'American', 'Heterosexual', NULL),
(5, 'Female', 'White', 'American', 'Bisexual', NULL),
(6, 'Male', 'White', 'American', 'Heterosexual', 'ADHD'),
(7, 'Female', 'Mixed Race', 'American', 'Heterosexual', NULL),
(8, 'Male', 'Asian', 'International', 'Heterosexual', NULL),
(9, 'Female', 'Hispanic', 'American', 'Heterosexual', 'Anxiety'),
(10, 'Male', 'White', 'American', 'Gay', NULL),
(11, 'Female', 'Black', 'American', 'Lesbian', NULL),
(12, 'Male', 'White', 'American', 'Heterosexual', NULL),
(13, 'Female', 'Native American', 'American', 'Heterosexual', NULL),
(14, 'Male', 'Asian', 'American', 'Heterosexual', 'Dyslexia'),
(15, 'Female', 'White', 'International', 'Heterosexual', NULL),
(16, 'Male', 'Hispanic', 'American', 'Bisexual', NULL),
(17, 'Female', 'Asian', 'American', 'Heterosexual', NULL),
(18, 'Male', 'Black', 'American', 'Heterosexual', NULL),
(19, 'Female', 'White', 'International', 'Heterosexual', NULL),
(20, 'Male', 'Mixed Race', 'American', 'Heterosexual', 'Depression'),
(21, 'Female', 'Hispanic', 'American', 'Heterosexual', NULL),
(22, 'Male', 'White', 'American', 'Heterosexual', NULL),
(23, 'Female', 'Asian', 'International', 'Heterosexual', NULL),
(24, 'Male', 'White', 'American', 'Gay', NULL),
(25, 'Female', 'Black', 'American', 'Heterosexual', NULL),
(26, 'Male', 'Hispanic', 'American', 'Heterosexual', 'Autism'),
(27, 'Female', 'White', 'American', 'Bisexual', NULL),
(28, 'Male', 'Asian', 'American', 'Heterosexual', NULL),
(29, 'Female', 'Mixed Race', 'American', 'Heterosexual', NULL),
(30, 'Male', 'White', 'American', 'Heterosexual', NULL);

-- Coop Positions table (50 rows - weak entity)
INSERT INTO coopPositions (coopPositionId, title, location, description, hourlyPay, requiredSkillsId, desiredSkillsId, desiredGPA, deadline, startDate, endDate, flag, industry) VALUES
(1, 'Software Developer Intern', 'Boston, MA', 'Develop web applications using modern frameworks and participate in agile development processes.', 22.50, 1, 4, 3.0, '2025-02-15 23:59:59', '2025-06-01', '2025-12-01', FALSE, 'Technology'),
(2, 'Data Analyst Co-op', 'Cambridge, MA', 'Analyze business data and create reports using SQL and Python for data-driven insights.', 20.00, 12, 11, 3.2, '2025-02-20 23:59:59', '2025-06-01', '2025-12-01', FALSE, 'Technology'),
(3, 'Marketing Assistant', 'New York, NY', 'Support digital marketing campaigns and social media strategy development.', 18.50, 17, 14, 2.8, '2025-03-01 23:59:59', '2025-06-01', '2025-12-01', FALSE, 'Marketing'),
(4, 'Cybersecurity Intern', 'Burlington, MA', 'Assist with security assessments and vulnerability testing in cloud environments.', 25.00, 6, 8, 3.3, '2025-02-10 23:59:59', '2025-06-01', '2025-12-01', FALSE, 'Technology'),
(5, 'Financial Analyst Co-op', 'Boston, MA', 'Support financial modeling and investment analysis for banking operations.', 21.00, 13, 12, 3.4, '2025-02-25 23:59:59', '2025-06-01', '2025-12-01', FALSE, 'Finance'),
(6, 'UX Design Intern', 'San Francisco, CA', 'Create user interface designs and conduct user research for mobile applications.', 24.00, 40, 39, 3.0, '2025-03-05 23:59:59', '2025-06-01', '2025-12-01', FALSE, 'Technology'),
(7, 'Biotech Research Co-op', 'Cambridge, MA', 'Conduct laboratory research and assist with clinical trial data analysis.', 19.50, 12, 11, 3.5, '2025-02-28 23:59:59', '2025-06-01', '2025-12-01', FALSE, 'Healthcare'),
(8, 'Environmental Engineer', 'Portland, OR', 'Work on renewable energy projects and sustainability assessments.', 23.00, 15, 12, 3.1, '2025-03-10 23:59:59', '2025-06-01', '2025-12-01', FALSE, 'Energy'),
(9, 'DevOps Intern', 'Seattle, WA', 'Manage CI/CD pipelines and cloud infrastructure using AWS and Docker.', 26.00, 9, 35, 3.2, '2025-02-12 23:59:59', '2025-06-01', '2025-12-01', FALSE, 'Technology'),
(10, 'Business Analyst Co-op', 'Chicago, IL', 'Analyze business processes and requirements for software implementation.', 20.50, 15, 13, 3.0, '2025-03-15 23:59:59', '2025-06-01', '2025-12-01', FALSE, 'Consulting'),
(11, 'Machine Learning Intern', 'Austin, TX', 'Develop ML models for predictive analytics and data processing pipelines.', 28.00, 11, 1, 3.6, '2025-02-18 23:59:59', '2025-06-01', '2025-12-01', FALSE, 'Technology'),
(12, 'Mobile App Developer', 'Los Angeles, CA', 'Build iOS and Android applications using native and cross-platform technologies.', 24.50, 25, 26, 3.1, '2025-03-20 23:59:59', '2025-06-01', '2025-12-01', FALSE, 'Technology'),
(13, 'Supply Chain Analyst', 'Atlanta, GA', 'Optimize logistics operations and analyze supply chain performance metrics.', 19.00, 12, 15, 2.9, '2025-02-22 23:59:59', '2025-06-01', '2025-12-01', FALSE, 'Logistics'),
(14, 'Game Developer Intern', 'San Diego, CA', 'Create game mechanics and features using Unity and C# programming.', 22.00, 22, 21, 3.0, '2025-03-25 23:59:59', '2025-06-01', '2025-12-01', FALSE, 'Gaming'),
(15, 'Healthcare Data Analyst', 'Philadelphia, PA', 'Analyze patient data and healthcare outcomes for medical research.', 21.50, 12, 37, 3.3, '2025-02-14 23:59:59', '2025-06-01', '2025-12-01', FALSE, 'Healthcare'),
(16, 'Full Stack Developer', 'Denver, CO', 'Build end-to-end web applications using React, Node.js, and databases.', 25.50, 3, 5, 3.2, '2025-03-08 23:59:59', '2025-06-01', '2025-12-01', FALSE, 'Technology'),
(17, 'Quality Assurance Co-op', 'Miami, FL', 'Test software applications and develop automated testing frameworks.', 18.00, 3, 10, 2.8, '2025-02-26 23:59:59', '2025-06-01', '2025-12-01', FALSE, 'Technology'),
(18, 'Robotics Engineer Intern', 'Detroit, MI', 'Design and program robotic systems for manufacturing automation.', 24.00, 21, 11, 3.4, '2025-03-12 23:59:59', '2025-06-01', '2025-12-01', FALSE, 'Manufacturing'),
(19, 'Digital Marketing Co-op', 'Nashville, TN', 'Manage social media campaigns and analyze digital marketing performance.', 17.50, 17, 12, 2.7, '2025-02-16 23:59:59', '2025-06-01', '2025-12-01', FALSE, 'Marketing'),
(20, 'Cloud Engineer Intern', 'Phoenix, AZ', 'Deploy and manage cloud infrastructure using AWS and Azure platforms.', 27.00, 8, 33, 3.5, '2025-03-18 23:59:59', '2025-06-01', '2025-12-01', FALSE, 'Technology'),
(21, 'Product Manager Co-op', 'San Jose, CA', 'Assist with product roadmap planning and coordinate development teams.', 23.50, 15, 17, 3.1, '2025-02-08 23:59:59', '2025-09-01', '2026-03-01', FALSE, 'Technology'),
(22, 'Backend Developer Intern', 'Portland, OR', 'Build server-side applications and APIs using Java and microservices.', 24.00, 2, 6, 3.0, '2025-02-24 23:59:59', '2025-09-01', '2026-03-01', FALSE, 'Technology'),
(23, 'Business Intelligence', 'Dallas, TX', 'Create dashboards and reports for executive decision making.', 20.50, 37, 13, 3.2, '2025-03-22 23:59:59', '2025-09-01', '2026-03-01', FALSE, 'Finance'),
(24, 'Frontend Developer Co-op', 'Tampa, FL', 'Develop user interfaces using React and modern CSS frameworks.', 22.00, 4, 29, 2.9, '2025-02-11 23:59:59', '2025-09-01', '2026-03-01', FALSE, 'Technology'),
(25, 'Research Assistant', 'Baltimore, MD', 'Support biomedical research projects and data collection efforts.', 16.50, 12, 38, 3.4, '2025-03-14 23:59:59', '2025-09-01', '2026-03-01', FALSE, 'Healthcare'),
(26, 'Systems Administrator', 'Salt Lake City, UT', 'Maintain IT infrastructure and provide technical support services.', 21.00, 8, 9, 3.0, '2025-02-19 23:59:59', '2025-09-01', '2026-03-01', FALSE, 'Technology'),
(27, 'Finance Intern', 'Minneapolis, MN', 'Assist with financial planning and budget analysis for corporate clients.', 19.00, 13, 12, 3.3, '2025-03-28 23:59:59', '2025-09-01', '2026-03-01', FALSE, 'Finance'),
(28, 'Software QA Engineer', 'Orlando, FL', 'Design test cases and automate testing procedures for software releases.', 20.00, 10, 3, 3.1, '2025-02-13 23:59:59', '2025-09-01', '2026-03-01', FALSE, 'Technology'),
(29, 'Data Engineer Co-op', 'Charlotte, NC', 'Build data pipelines and manage ETL processes for analytics platforms.', 25.00, 1, 7, 3.4, '2025-03-30 23:59:59', '2025-09-01', '2026-03-01', FALSE, 'Technology'),
(30, 'Project Coordinator', 'Kansas City, MO', 'Coordinate cross-functional teams and manage project timelines.', 18.00, 15, 16, 2.8, '2025-02-21 23:59:59', '2025-09-01', '2026-03-01', FALSE, 'Consulting'),
(31, 'Web Developer Intern', 'Las Vegas, NV', 'Create responsive websites and web applications for client projects.', 21.50, 30, 4, 3.0, '2025-03-06 23:59:59', '2026-01-01', '2026-07-01', FALSE, 'Technology'),
(32, 'Security Analyst Co-op', 'Raleigh, NC', 'Monitor security systems and investigate potential cyber threats.', 23.00, 6, 8, 3.2, '2025-02-17 23:59:59', '2026-01-01', '2026-07-01', FALSE, 'Technology'),
(33, 'Operations Analyst', 'Columbus, OH', 'Improve operational efficiency and analyze business performance metrics.', 19.50, 13, 15, 3.0, '2025-03-24 23:59:59', '2026-01-01', '2026-07-01', FALSE, 'Operations'),
(34, 'Android Developer', 'Indianapolis, IN', 'Develop native Android applications using Kotlin and Java.', 23.50, 26, 2, 3.1, '2025-02-09 23:59:59', '2026-01-01', '2026-07-01', FALSE, 'Technology'),
(35, 'Database Administrator', 'Memphis, TN', 'Manage database systems and optimize query performance.', 22.00, 6, 31, 3.3, '2025-03-16 23:59:59', '2026-01-01', '2026-07-01', FALSE, 'Technology'),
(36, 'Sales Analytics Intern', 'Louisville, KY', 'Analyze sales data and create performance reports for management.', 17.00, 12, 14, 2.9, '2025-02-23 23:59:59', '2026-01-01', '2026-07-01', FALSE, 'Sales'),
(37, 'IoT Developer Co-op', 'Oklahoma City, OK', 'Develop Internet of Things applications and sensor integration systems.', 24.50, 3, 1, 3.2, '2025-03-26 23:59:59', '2026-01-01', '2026-07-01', FALSE, 'Technology'),
(38, 'Technical Writer', 'Richmond, VA', 'Create technical documentation and user manuals for software products.', 18.50, 17, 14, 2.8, '2025-02-15 23:59:59', '2026-01-01', '2026-07-01', FALSE, 'Technology'),
(39, 'Blockchain Developer', 'Providence, RI', 'Build decentralized applications and smart contracts using blockchain technology.', 29.00, 3, 22, 3.5, '2025-03-11 23:59:59', '2026-01-01', '2026-07-01', FALSE, 'Finance'),
(40, 'AI Research Intern', 'Hartford, CT', 'Conduct artificial intelligence research and develop machine learning algorithms.', 26.50, 11, 1, 3.6, '2025-02-27 23:59:59', '2026-01-01', '2026-07-01', FALSE, 'Technology'),
(41, 'Network Engineer Co-op', 'Bridgeport, CT', 'Design and maintain network infrastructure and troubleshoot connectivity issues.', 21.50, 8, 32, 3.1, '2025-03-19 23:59:59', '2026-06-01', '2026-12-01', FALSE, 'Technology'),
(42, 'HR Analytics Intern', 'Newark, NJ', 'Analyze employee data and support human resources decision making.', 17.50, 12, 13, 2.9, '2025-02-12 23:59:59', '2026-06-01', '2026-12-01', FALSE, 'Human Resources'),
(43, 'Manufacturing Engineer', 'Buffalo, NY', 'Optimize production processes and implement lean manufacturing principles.', 22.50, 15, 12, 3.3, '2025-03-21 23:59:59', '2026-06-01', '2026-12-01', FALSE, 'Manufacturing'),
(44, 'Content Creator Co-op', 'Syracuse, NY', 'Develop multimedia content and manage brand social media presence.', 16.00, 39, 17, 2.7, '2025-02-20 23:59:59', '2026-06-01', '2026-12-01', FALSE, 'Marketing'),
(45, 'Automation Engineer', 'Rochester, NY', 'Design automated systems and implement robotic process automation.', 25.50, 1, 21, 3.4, '2025-03-13 23:59:59', '2026-06-01', '2026-12-01', FALSE, 'Manufacturing'),
(46, 'Customer Success Intern', 'Albany, NY', 'Support customer onboarding and analyze customer satisfaction metrics.', 17.00, 17, 12, 2.8, '2025-02-25 23:59:59', '2026-06-01', '2026-12-01', FALSE, 'Customer Service'),
(47, 'Computer Vision Co-op', 'Burlington, VT', 'Develop image processing algorithms and computer vision applications.', 27.50, 11, 1, 3.5, '2025-03-17 23:59:59', '2026-06-01', '2026-12-01', FALSE, 'Technology'),
(48, 'Product Design Intern', 'Manchester, NH', 'Create product prototypes and conduct user experience research.', 20.00, 40, 39, 3.0, '2025-02-14 23:59:59', '2026-06-01', '2026-12-01', FALSE, 'Design'),
(49, 'Infrastructure Engineer', 'Portland, ME', 'Manage cloud infrastructure and implement DevOps best practices.', 24.00, 8, 35, 3.2, '2025-03-23 23:59:59', '2026-06-01', '2026-12-01', FALSE, 'Technology'),
(50, 'Business Development', 'Concord, NH', 'Identify new business opportunities and support partnership development.', 18.50, 17, 15, 2.9, '2025-02-18 23:59:59', '2026-06-01', '2026-12-01', FALSE, 'Business');

-- Skill Details table (150 rows - bridge table for M:N relationship between students and skills)
INSERT INTO skillDetails (skillId, studentId, proficiencyLevel) VALUES
-- Student 1 (Emma Johnson) - Computer Science major
(1, 1, 4), (2, 1, 3), (3, 1, 5), (4, 1, 4), (5, 1, 3), (6, 1, 4), (10, 1, 5), (17, 1, 4), (19, 1, 4), (20, 1, 5),
-- Student 2 (Liam Williams) - Business major
(13, 2, 5), (14, 2, 4), (15, 2, 4), (16, 2, 3), (17, 2, 5), (18, 2, 4), (19, 2, 4), (20, 2, 5),
-- Student 3 (Sophia Brown) - Engineering major
(21, 3, 4), (13, 3, 3), (15, 3, 3), (17, 3, 4), (19, 3, 5), (20, 3, 4),
-- Student 4 (Noah Davis) - Data Science major
(1, 4, 5), (11, 4, 4), (12, 4, 5), (37, 4, 4), (38, 4, 3), (6, 4, 4), (17, 4, 4), (19, 4, 5), (20, 4, 4),
-- Student 5 (Olivia Miller) - Marketing major
(13, 5, 4), (14, 5, 5), (17, 5, 5), (18, 5, 3), (19, 5, 4), (20, 5, 5), (39, 5, 3),
-- Student 6 (Mason Wilson) - Cybersecurity major
(1, 6, 4), (6, 6, 5), (8, 6, 4), (9, 6, 3), (10, 6, 4), (17, 6, 4), (19, 6, 5), (20, 6, 4),
-- Student 7 (Ava Moore) - Biomedical Engineering major
(1, 7, 3), (12, 7, 4), (13, 7, 3), (17, 7, 4), (19, 7, 5), (20, 7, 4),
-- Student 8 (Ethan Taylor) - Finance major
(13, 8, 5), (14, 8, 4), (12, 8, 4), (17, 8, 4), (19, 8, 4), (20, 8, 4),
-- Student 9 (Isabella Anderson) - Psychology major
(13, 9, 4), (14, 9, 4), (17, 9, 5), (18, 9, 4), (19, 9, 5), (20, 9, 5),
-- Student 10 (James Thomas) - Mechanical Engineering major
(21, 10, 4), (22, 10, 3), (13, 10, 3), (15, 10, 4), (17, 10, 3), (19, 10, 4), (20, 10, 4),
-- Student 11 (Mia Jackson) - Computer Science major
(1, 11, 5), (2, 11, 4), (3, 11, 4), (4, 11, 5), (5, 11, 4), (6, 11, 3), (10, 11, 5), (17, 11, 4), (19, 11, 4), (20, 11, 5),
-- Student 12 (Lucas White) - Business major with Data Science minor
(13, 12, 4), (14, 12, 4), (15, 12, 4), (12, 12, 4), (1, 12, 3), (17, 12, 4), (19, 12, 4), (20, 12, 4),
-- Student 13 (Charlotte Harris) - Environmental Engineering major
(1, 13, 3), (12, 13, 3), (13, 13, 4), (15, 13, 4), (17, 13, 4), (19, 13, 5), (20, 13, 4),
-- Student 14 (Benjamin Martin) - Information Systems major
(1, 14, 4), (6, 14, 4), (8, 14, 3), (13, 14, 4), (15, 14, 4), (17, 14, 4), (19, 14, 4), (20, 14, 4),
-- Student 15 (Amelia Garcia) - Chemical Engineering major
(1, 15, 3), (12, 15, 4), (13, 15, 3), (15, 15, 3), (17, 15, 4), (19, 15, 4), (20, 15, 4),
-- Continue with remaining students...
(1, 16, 4), (2, 16, 3), (3, 16, 3), (21, 16, 4), (17, 16, 3), (19, 16, 4), (20, 16, 4),
(39, 17, 5), (40, 17, 5), (13, 17, 3), (14, 17, 4), (17, 17, 5), (19, 17, 4), (20, 17, 4),
(21, 18, 4), (22, 18, 3), (1, 18, 3), (13, 18, 3), (17, 18, 3), (19, 18, 4), (20, 18, 4),
(13, 19, 4), (14, 19, 4), (15, 19, 3), (17, 19, 5), (18, 19, 3), (19, 19, 4), (20, 19, 5),
(1, 20, 5), (11, 20, 5), (12, 20, 5), (37, 20, 4), (6, 20, 4), (17, 20, 4), (19, 20, 5), (20, 20, 4),
(13, 21, 4), (14, 21, 4), (17, 21, 5), (18, 21, 3), (19, 21, 4), (20, 21, 5),
(1, 22, 3), (2, 22, 3), (3, 22, 4), (10, 22, 4), (17, 22, 3), (19, 22, 4), (20, 22, 4),
(13, 23, 5), (14, 23, 4), (15, 23, 4), (17, 23, 4), (19, 23, 4), (20, 23, 4),
(1, 24, 4), (6, 24, 5), (8, 24, 4), (9, 24, 3), (17, 24, 4), (19, 24, 5), (20, 24, 4),
(1, 25, 3), (12, 25, 4), (17, 25, 4), (19, 25, 4), (20, 25, 4),
(1, 26, 4), (6, 26, 3), (13, 26, 4), (15, 26, 4), (17, 26, 4), (19, 26, 4), (20, 26, 4),
(1, 27, 3), (12, 27, 3), (13, 27, 3), (15, 27, 4), (17, 27, 4), (19, 27, 5), (20, 27, 4),
(21, 28, 4), (22, 28, 3), (13, 28, 3), (15, 28, 3), (17, 28, 3), (19, 28, 4), (20, 28, 4),
(39, 29, 5), (40, 29, 4), (13, 29, 3), (14, 29, 4), (17, 29, 5), (19, 29, 4), (20, 29, 4),
(1, 30, 4), (2, 30, 3), (3, 30, 4), (4, 30, 3), (10, 30, 4), (17, 30, 4), (19, 30, 4), (20, 30, 5);

-- Advisor-Advisee relationships (60 rows - bridge table)
INSERT INTO advisor_advisee (studentId, advisorId, flag) VALUES
(1, 31, FALSE), (1, 32, FALSE),
(2, 35, FALSE), (2, 40, FALSE),
(3, 33, FALSE), (3, 36, FALSE),
(4, 32, FALSE), (4, 31, FALSE),
(5, 35, FALSE), (5, 39, FALSE),
(6, 31, FALSE), (6, 37, FALSE),
(7, 34, FALSE), (7, 38, FALSE),
(8, 35, FALSE), (8, 40, FALSE),
(9, 39, FALSE), (9, 34, FALSE),
(10, 36, FALSE), (10, 40, FALSE),
(11, 31, FALSE), (11, 32, FALSE),
(12, 35, FALSE), (12, 40, FALSE),
(13, 33, FALSE), (13, 39, FALSE),
(14, 31, FALSE), (14, 37, FALSE),
(15, 33, FALSE), (15, 38, FALSE),
(16, 31, FALSE), (16, 32, FALSE),
(17, 39, FALSE), (17, 34, FALSE),
(18, 36, FALSE), (18, 31, FALSE),
(19, 35, FALSE), (19, 40, FALSE),
(20, 32, FALSE), (20, 31, FALSE),
(21, 35, FALSE), (21, 39, FALSE),
(22, 31, FALSE), (22, 37, FALSE),
(23, 35, FALSE), (23, 40, FALSE),
(24, 31, FALSE), (24, 37, FALSE),
(25, 34, FALSE), (25, 38, FALSE),
(26, 31, FALSE), (26, 37, FALSE),
(27, 33, FALSE), (27, 39, FALSE),
(28, 36, FALSE), (28, 40, FALSE),
(29, 39, FALSE), (29, 34, FALSE),
(30, 31, FALSE), (30, 32, FALSE);

-- Worked At Position relationships (75 rows - bridge table for past co-ops)
INSERT INTO workedAtPos (studentId, coopPositionId, startDate, endDate, companyRating) VALUES
-- Past co-op experiences for senior students and some juniors
(2, 1, '2024-06-01', '2024-12-01', 4),
(2, 23, '2023-09-01', '2024-03-01', 5),
(5, 3, '2024-06-01', '2024-12-01', 3),
(5, 19, '2023-09-01', '2024-03-01', 4),
(8, 5, '2024-06-01', '2024-12-01', 5),
(8, 27, '2023-09-01', '2024-03-01', 4),
(11, 1, '2024-06-01', '2024-12-01', 4),
(11, 16, '2023-09-01', '2024-03-01', 5),
(12, 10, '2024-06-01', '2024-12-01', 3),
(12, 23, '2023-09-01', '2024-03-01', 4),
(14, 4, '2024-06-01', '2024-12-01', 5),
(14, 26, '2023-09-01', '2024-03-01', 4),
(17, 6, '2024-06-01', '2024-12-01', 4),
(17, 48, '2023-09-01', '2024-03-01', 5),
(20, 2, '2024-06-01', '2024-12-01', 5),
(20, 11, '2023-09-01', '2024-03-01', 5),
(23, 5, '2024-06-01', '2024-12-01', 4),
(23, 27, '2023-09-01', '2024-03-01', 3),
(26, 14, '2024-06-01', '2024-12-01', 4),
(26, 26, '2023-09-01', '2024-03-01', 4),
(29, 6, '2024-06-01', '2024-12-01', 5),
(29, 48, '2023-09-01', '2024-03-01', 4),
-- Some junior students with one co-op experience
(1, 1, '2024-01-01', '2024-06-01', 4),
(4, 2, '2024-01-01', '2024-06-01', 5),
(6, 4, '2024-01-01', '2024-06-01', 4),
(9, 3, '2024-01-01', '2024-06-01', 3),
(12, 10, '2024-01-01', '2024-06-01', 4),
(15, 7, '2024-01-01', '2024-06-01', 4),
(18, 18, '2024-01-01', '2024-06-01', 5),
(21, 19, '2024-01-01', '2024-06-01', 3),
(24, 4, '2024-01-01', '2024-06-01', 5),
(30, 1, '2024-01-01', '2024-06-01', 4),
-- Additional past experiences for comprehensive data
(1, 17, '2023-06-01', '2023-12-01', 3),
(4, 29, '2023-06-01', '2023-12-01', 4),
(6, 32, '2023-06-01', '2023-12-01', 5),
(9, 42, '2023-06-01', '2023-12-01', 3),
(12, 33, '2023-06-01', '2023-12-01', 4),
(15, 25, '2023-06-01', '2023-12-01', 4),
(18, 43, '2023-06-01', '2023-12-01', 4),
(21, 44, '2023-06-01', '2023-12-01', 2),
(24, 32, '2023-06-01', '2023-12-01', 5),
(30, 22, '2023-06-01', '2023-12-01', 4),
-- More experiences to reach 75 rows
(2, 13, '2022-09-01', '2023-03-01', 4),
(5, 36, '2022-09-01', '2023-03-01', 3),
(8, 42, '2022-09-01', '2023-03-01', 4),
(11, 28, '2022-09-01', '2023-03-01', 5),
(14, 35, '2022-09-01', '2023-03-01', 4),
(17, 44, '2022-09-01', '2023-03-01', 3),
(20, 29, '2022-09-01', '2023-03-01', 5),
(23, 42, '2022-09-01', '2023-03-01', 3),
(26, 33, '2022-09-01', '2023-03-01', 4),
(29, 44, '2022-09-01', '2023-03-01', 4),
(1, 24, '2022-06-01', '2022-12-01', 4),
(4, 22, '2022-06-01', '2022-12-01', 5),
(6, 26, '2022-06-01', '2022-12-01', 4),
(9, 46, '2022-06-01', '2022-12-01', 3),
(12, 30, '2022-06-01', '2022-12-01', 4),
(15, 43, '2022-06-01', '2022-12-01', 4),
(18, 45, '2022-06-01', '2022-12-01', 5),
(21, 46, '2022-06-01', '2022-12-01', 2),
(24, 35, '2022-06-01', '2022-12-01', 5),
(30, 28, '2022-06-01', '2022-12-01', 4),
(2, 30, '2022-01-01', '2022-06-01', 4),
(5, 46, '2022-01-01', '2022-06-01', 3),
(8, 33, '2022-01-01', '2022-06-01', 4),
(11, 35, '2022-01-01', '2022-06-01', 5),
(14, 41, '2022-01-01', '2022-06-01', 4),
(17, 46, '2022-01-01', '2022-06-01', 3),
(20, 39, '2022-01-01', '2022-06-01', 5),
(23, 33, '2022-01-01', '2022-06-01', 3),
(26, 41, '2022-01-01', '2022-06-01', 4),
(29, 46, '2022-01-01', '2022-06-01', 4),
(1, 31, '2021-09-01', '2022-03-01', 4),
(4, 35, '2021-09-01', '2022-03-01', 5),
(6, 41, '2021-09-01', '2022-03-01', 4),
(9, 44, '2021-09-01', '2022-03-01', 3),
(12, 42, '2021-09-01', '2022-03-01', 4);

-- Views Position relationships (125 rows - bridge table for student interest)
INSERT INTO viewsPos (studentId, coopPositionId, preference) VALUES
-- Current students viewing current and future positions
(1, 1, TRUE), (1, 2, FALSE), (1, 16, TRUE), (1, 22, FALSE), (1, 31, TRUE),
(2, 5, TRUE), (2, 23, FALSE), (2, 27, TRUE), (2, 10, FALSE), (2, 50, TRUE),
(3, 8, TRUE), (3, 18, FALSE), (3, 43, TRUE), (3, 45, FALSE), (3, 49, TRUE),
(4, 2, TRUE), (4, 11, TRUE), (4, 29, TRUE), (4, 40, TRUE), (4, 47, FALSE),
(5, 3, FALSE), (5, 19, TRUE), (5, 36, FALSE), (5, 44, TRUE), (5, 46, FALSE),
(6, 4, TRUE), (6, 9, TRUE), (6, 32, TRUE), (6, 37, FALSE), (6, 41, TRUE),
(7, 7, TRUE), (7, 15, FALSE), (7, 25, TRUE), (7, 38, FALSE), (7, 42, FALSE),
(8, 5, FALSE), (8, 23, TRUE), (8, 27, FALSE), (8, 33, TRUE), (8, 39, FALSE),
(9, 3, FALSE), (9, 19, FALSE), (9, 42, TRUE), (9, 46, TRUE), (9, 36, FALSE),
(10, 8, TRUE), (10, 18, TRUE), (10, 43, FALSE), (10, 45, TRUE), (10, 49, FALSE),
(11, 1, TRUE), (11, 16, TRUE), (11, 22, FALSE), (11, 31, TRUE), (11, 34, FALSE),
(12, 10, FALSE), (12, 23, TRUE), (12, 30, FALSE), (12, 33, TRUE), (12, 50, TRUE),
(13, 8, TRUE), (13, 13, FALSE), (13, 21, TRUE), (13, 41, FALSE), (13, 49, TRUE),
(14, 4, FALSE), (14, 14, TRUE), (14, 26, FALSE), (14, 35, TRUE), (14, 41, FALSE),
(15, 7, TRUE), (15, 15, FALSE), (15, 25, TRUE), (15, 43, FALSE), (15, 45, TRUE),
(16, 1, TRUE), (16, 16, FALSE), (16, 22, TRUE), (16, 31, FALSE), (16, 34, TRUE),
(17, 6, FALSE), (17, 17, TRUE), (17, 38, FALSE), (17, 44, TRUE), (17, 48, TRUE),
(18, 9, TRUE), (18, 18, FALSE), (18, 32, TRUE), (18, 41, FALSE), (18, 45, TRUE),
(19, 3, FALSE), (19, 19, TRUE), (19, 36, FALSE), (19, 42, TRUE), (19, 50, FALSE),
(20, 2, TRUE), (20, 11, TRUE), (20, 29, FALSE), (20, 40, TRUE), (20, 47, TRUE),
(21, 3, TRUE), (21, 19, FALSE), (21, 36, TRUE), (21, 44, FALSE), (21, 46, TRUE),
(22, 1, FALSE), (22, 16, TRUE), (22, 22, FALSE), (22, 31, TRUE), (22, 34, FALSE),
(23, 5, TRUE), (23, 23, FALSE), (23, 27, TRUE), (23, 33, FALSE), (23, 50, TRUE),
(24, 4, TRUE), (24, 9, FALSE), (24, 32, TRUE), (24, 37, TRUE), (24, 41, FALSE),
(25, 7, FALSE), (25, 15, TRUE), (25, 25, FALSE), (25, 38, TRUE), (25, 42, FALSE),
(26, 14, TRUE), (26, 26, FALSE), (26, 35, TRUE), (26, 41, FALSE), (26, 49, TRUE),
(27, 8, FALSE), (27, 13, TRUE), (27, 21, FALSE), (27, 41, TRUE), (27, 49, FALSE),
(28, 10, TRUE), (28, 18, FALSE), (28, 30, TRUE), (28, 43, FALSE), (28, 45, TRUE),
(29, 6, TRUE), (29, 17, FALSE), (29, 38, TRUE), (29, 44, FALSE), (29, 48, TRUE),
(30, 1, FALSE), (30, 16, TRUE), (30, 22, FALSE), (30, 31, TRUE), (30, 34, FALSE);

-- Creates Position relationships (50 rows - bridge table for employers creating positions)
INSERT INTO createsPos (employerId, coopPositionId) VALUES
(31, 1), (31, 16), (31, 22), (31, 31), (31, 34),
(32, 2), (32, 11), (32, 29), (32, 40), (32, 47),
(33, 8), (33, 13), (33, 21), (33, 41), (33, 49),
(34, 7), (34, 15), (34, 25), (34, 38), (34, 42),
(35, 5), (35, 23), (35, 27), (35, 33), (35, 39),
(36, 6), (36, 12), (36, 18), (36, 43), (36, 45),
(37, 4), (37, 9), (37, 32), (37, 37), (37, 41),
(38, 7), (38, 15), (38, 25), (38, 38), (38, 42),
(39, 3), (39, 17), (39, 19), (39, 44), (39, 48),
(40, 10), (40, 13), (40, 30), (40, 46), (40, 50),
(31, 14), (32, 20), (33, 26), (34, 28), (35, 35),
(36, 24), (37, 36), (38, 39), (39, 44), (40, 42);

-- Applications table (60 rows - weak entity)
INSERT INTO applications (applicationId, dateTimeApplied, status, resume, gpa, coverLetter, coopPositionId) VALUES
(1, '2025-01-15 10:30:00', 'Submitted', 'Resume content for Emma Johnson...', 3.7, 'Cover letter expressing interest in software development...', 1),
(2, '2025-01-16 14:20:00', 'Under Review', 'Resume content for Emma Johnson...', 3.7, 'Cover letter for data analyst position...', 2),
(3, '2025-01-18 09:45:00', 'Submitted', 'Resume content for Liam Williams...', 3.5, 'Cover letter highlighting business experience...', 5),
(4, '2025-01-20 16:15:00', 'Draft', 'Resume content for Sophia Brown...', 3.8, NULL, 8),
(5, '2025-01-22 11:30:00', 'Submitted', 'Resume content for Noah Davis...', 3.9, 'Cover letter for data science role...', 11),
(6, '2025-01-25 08:45:00', 'Under Review', 'Resume content for Olivia Miller...', 3.4, 'Marketing position cover letter...', 3),
(7, '2025-01-28 13:20:00', 'Submitted', 'Resume content for Mason Wilson...', 3.6, 'Cybersecurity interest cover letter...', 4),
(8, '2025-01-30 10:00:00', 'Rejected', 'Resume content for Ava Moore...', 3.7, 'Biotech research application...', 7),
(9, '2025-02-01 15:30:00', 'Draft', 'Resume content for Ethan Taylor...', 3.8, NULL, 23),
(10, '2025-02-03 12:45:00', 'Submitted', 'Resume content for Isabella Anderson...', 3.3, 'HR analytics interest...', 42),
(11, '2025-02-05 09:15:00', 'Under Review', 'Resume content for James Thomas...', 3.5, 'Manufacturing engineering application...', 18),
(12, '2025-02-07 14:00:00', 'Submitted', 'Resume content for Mia Jackson...', 3.9, 'Full stack development interest...', 16),
(13, '2025-02-08 11:20:00', 'Draft', 'Resume content for Lucas White...', 3.4, NULL, 10),
(14, '2025-02-10 16:45:00', 'Submitted', 'Resume content for Charlotte Harris...', 3.6, 'Environmental focus application...', 21),
(15, '2025-02-12 08:30:00', 'Under Review', 'Resume content for Benjamin Martin...', 3.7, 'Systems administration interest...', 26),
(16, '2025-02-14 13:15:00', 'Submitted', 'Resume content for Amelia Garcia...', 3.5, 'Chemical engineering application...', 45),
(17, '2025-02-16 10:45:00', 'Draft', 'Resume content for Henry Rodriguez...', 3.2, NULL, 22),
(18, '2025-02-18 15:20:00', 'Submitted', 'Resume content for Harper Lewis...', 3.8, 'UX design passion letter...', 6),
(19, '2025-02-20 12:00:00', 'Under Review', 'Resume content for Alexander Lee...', 3.6, 'DevOps interest application...', 9),
(20, '2025-02-22 09:30:00', 'Submitted', 'Resume content for Evelyn Walker...', 3.4, 'International business focus...', 50),
(21, '2025-01-17 14:30:00', 'Submitted', 'Resume content for Sebastian Hall...', 3.8, 'ML engineering application...', 11),
(22, '2025-01-19 11:15:00', 'Under Review', 'Resume content for Aria Allen...', 3.3, 'Marketing coordinator interest...', 19),
(23, '2025-01-21 16:00:00', 'Draft', 'Resume content for Owen Young...', 3.1, NULL, 31),
(24, '2025-01-23 13:45:00', 'Submitted', 'Resume content for Luna King...', 3.7, 'Finance analyst application...', 27),
(25, '2025-01-26 10:20:00', 'Under Review', 'Resume content for Grayson Wright...', 3.5, 'Security analyst interest...', 32),
(26, '2025-01-29 15:10:00', 'Submitted', 'Resume content for Chloe Lopez...', 3.6, 'Bioengineering research focus...', 25),
(27, '2025-02-02 08:50:00', 'Draft', 'Resume content for Carter Hill...', 3.4, NULL, 35),
(28, '2025-02-04 12:30:00', 'Submitted', 'Resume content for Zoey Scott...', 3.7, 'Environmental engineering passion...', 49),
(29, '2025-02-06 14:40:00', 'Under Review', 'Resume content for Luke Green...', 3.3, 'Mechanical engineering application...', 43),
(30, '2025-02-09 11:55:00', 'Submitted', 'Resume content for Lily Adams...', 3.9, 'Product design interest...', 48),
(31, '2025-02-11 16:25:00', 'Draft', 'Resume content for Jack Baker...', 3.5, NULL, 34),
(32, '2025-01-24 09:40:00', 'Submitted', 'Resume content for Emma Johnson...', 3.7, 'Backend development interest...', 22),
(33, '2025-01-27 14:55:00', 'Under Review', 'Resume content for Liam Williams...', 3.5, 'Business intelligence focus...', 23),
(34, '2025-01-31 10:35:00', 'Submitted', 'Resume content for Sophia Brown...', 3.8, 'Infrastructure engineering...', 49),
(35, '2025-02-13 13:20:00', 'Draft', 'Resume content for Noah Davis...', 3.9, NULL, 29),
(36, '2025-02-15 08:15:00', 'Submitted', 'Resume content for Olivia Miller...', 3.4, 'Customer success application...', 46),
(37, '2025-02-17 15:45:00', 'Under Review', 'Resume content for Mason Wilson...', 3.6, 'Network engineering interest...', 41),
(38, '2025-02-19 12:10:00', 'Submitted', 'Resume content for Ava Moore...', 3.7, 'Research assistant focus...', 25),
(39, '2025-02-21 09:25:00', 'Draft', 'Resume content for Ethan Taylor...', 3.8, NULL, 39),
(40, '2025-01-14 16:30:00', 'Submitted', 'Resume content for Isabella Anderson...', 3.3, 'Content creation interest...', 44),
(41, '2025-01-16 11:45:00', 'Under Review', 'Resume content for James Thomas...', 3.5, 'Automation engineering...', 45),
(42, '2025-01-18 14:20:00', 'Submitted', 'Resume content for Mia Jackson...', 3.9, 'Android development passion...', 34),
(43, '2025-01-20 10:05:00', 'Draft', 'Resume content for Lucas White...', 3.4, NULL, 33),
(44, '2025-01-22 15:35:00', 'Submitted', 'Resume content for Charlotte Harris...', 3.6, 'Computer vision interest...', 47),
(45, '2025-01-25 12:50:00', 'Under Review', 'Resume content for Benjamin Martin...', 3.7, 'Database administration...', 35),
(46, '2025-01-28 08:40:00', 'Submitted', 'Resume content for Amelia Garcia...', 3.5, 'Manufacturing process focus...', 43),
(47, '2025-01-30 13:25:00', 'Draft', 'Resume content for Henry Rodriguez...', 3.2, NULL, 1),
(48, '2025-02-01 16:15:00', 'Submitted', 'Resume content for Harper Lewis...', 3.8, 'Technical writing interest...', 38),
(49, '2025-02-03 11:00:00', 'Under Review', 'Resume content for Alexander Lee...', 3.6, 'IoT development passion...', 37),
(50, '2025-02-05 14:45:00', 'Submitted', 'Resume content for Evelyn Walker...', 3.4, 'Business development focus...', 50),
(51, '2025-02-07 09:30:00', 'Draft', 'Resume content for Sebastian Hall...', 3.8, NULL, 40),
(52, '2025-02-10 12:15:00', 'Submitted', 'Resume content for Aria Allen...', 3.3, 'Sales analytics application...', 36),
(53, '2025-02-12 15:50:00', 'Under Review', 'Resume content for Owen Young...', 3.1, 'Web development interest...', 31),
(54, '2025-02-14 10:25:00', 'Submitted', 'Resume content for Luna King...', 3.7, 'Project coordination focus...', 30),
(55, '2025-02-16 13:40:00', 'Draft', 'Resume content for Grayson Wright...', 3.5, NULL, 4),
(56, '2025-02-18 08:55:00', 'Submitted', 'Resume content for Chloe Lopez...', 3.6, 'Healthcare data analysis...', 15),
(57, '2025-02-20 14:10:00', 'Under Review', 'Resume content for Carter Hill...', 3.4, 'QA engineering interest...', 17),
(58, '2025-02-22 11:35:00', 'Submitted', 'Resume content for Zoey Scott...', 3.7, 'Cloud engineering passion...', 20),
(59, '2025-01-13 16:20:00', 'Draft', 'Resume content for Luke Green...', 3.3, NULL, 28),
(60, '2025-01-15 12:45:00', 'Submitted', 'Resume content for Lily Adams...', 3.9, 'Game development interest...', 14);

-- Applies To App relationships (60 rows - bridge table)
INSERT INTO appliesToApp (applicationId, studentId) VALUES
(1, 1), (2, 1), (3, 2), (4, 3), (5, 4), (6, 5), (7, 6), (8, 7), (9, 8), (10, 9),
(11, 10), (12, 11), (13, 12), (14, 13), (15, 14), (16, 15), (17, 16), (18, 17), (19, 18), (20, 19),
(21, 20), (22, 21), (23, 22), (24, 23), (25, 24), (26, 25), (27, 26), (28, 27), (29, 28), (30, 29),
(31, 30), (32, 1), (33, 2), (34, 3), (35, 4), (36, 5), (37, 6), (38, 7), (39, 8), (40, 9),
(41, 10), (42, 11), (43, 12), (44, 13), (45, 14), (46, 15), (47, 16), (48, 17), (49, 18), (50, 19),
(51, 20), (52, 21), (53, 22), (54, 23), (55, 24), (56, 25), (57, 26), (58, 27), (59, 28), (60, 29);

-- Reviews App relationships (150 rows - bridge table for employers reviewing applications)
INSERT INTO reviewsApp (applicationId, employerId, flag) VALUES
-- Applications for TechNova positions (employer 31)
(1, 31, FALSE), (17, 31, FALSE), (23, 31, FALSE), (31, 31, FALSE), (32, 31, FALSE), (42, 31, FALSE), (47, 31, FALSE), (53, 31, FALSE),
-- Applications for DataFlow positions (employer 32)
(2, 32, FALSE), (5, 32, FALSE), (21, 32, FALSE), (35, 32, FALSE), (44, 32, FALSE), (51, 32, FALSE),
-- Applications for GreenEnergy positions (employer 33)
(4, 33, FALSE), (14, 33, FALSE), (28, 33, FALSE), (34, 33, FALSE), (43, 33, FALSE), (58, 33, FALSE),
-- Applications for HealthTech positions (employer 34)
(8, 34, FALSE), (26, 34, FALSE), (38, 34, FALSE), (56, 34, FALSE),
-- Applications for FinanceFirst positions (employer 35)
(3, 35, FALSE), (9, 35, FALSE), (24, 35, FALSE), (33, 35, FALSE), (39, 35, FALSE), (45, 35, FALSE),
-- Applications for AutoInnovate positions (employer 36)
(18, 36, FALSE), (52, 36, FALSE),
-- Applications for CloudSecure positions (employer 37)
(7, 37, FALSE), (19, 37, FALSE), (25, 37, FALSE), (37, 37, FALSE), (49, 37, FALSE), (55, 37, FALSE),
-- Applications for BioResearch positions (employer 38)
(26, 38, FALSE), (38, 38, FALSE), (48, 38, FALSE),
-- Applications for EcoDesign positions (employer 39)
(6, 39, FALSE), (22, 39, FALSE), (40, 39, FALSE), (48, 39, FALSE),
-- Applications for LogiFlow positions (employer 40)
(10, 40, FALSE), (13, 40, FALSE), (20, 40, FALSE), (50, 40, FALSE), (54, 40, FALSE),
-- Additional reviews for comprehensive coverage
(11, 36, FALSE), (12, 31, FALSE), (15, 37, FALSE), (16, 36, FALSE), (27, 37, FALSE), (29, 36, FALSE), (30, 39, FALSE),
(41, 36, FALSE), (46, 36, FALSE), (57, 31, FALSE), (59, 31, FALSE), (60, 31, FALSE),
-- Cross-reviews where multiple employers review same applications
(1, 32, FALSE), (2, 31, FALSE), (3, 40, FALSE), (4, 39, FALSE), (5, 31, FALSE), (6, 34, FALSE),
(7, 31, FALSE), (8, 38, FALSE), (9, 40, FALSE), (10, 34, FALSE), (11, 40, FALSE), (12, 32, FALSE),
(13, 35, FALSE), (14, 39, FALSE), (15, 31, FALSE), (16, 40, FALSE), (17, 32, FALSE), (18, 39, FALSE),
(19, 31, FALSE), (20, 35, FALSE), (21, 31, FALSE), (22, 39, FALSE), (23, 32, FALSE), (24, 40, FALSE),
(25, 31, FALSE), (26, 34, FALSE), (27, 31, FALSE), (28, 39, FALSE), (29, 40, FALSE), (30, 34, FALSE),
(31, 32, FALSE), (32, 37, FALSE), (33, 31, FALSE), (34, 40, FALSE), (35, 31, FALSE), (36, 39, FALSE),
(37, 31, FALSE), (38, 34, FALSE), (39, 31, FALSE), (40, 34, FALSE), (41, 40, FALSE), (42, 32, FALSE),
(43, 31, FALSE), (44, 39, FALSE), (45, 31, FALSE), (46, 40, FALSE), (47, 37, FALSE), (48, 34, FALSE),
(49, 31, FALSE), (50, 31, FALSE), (51, 31, FALSE), (52, 40, FALSE), (53, 37, FALSE), (54, 31, FALSE),
(55, 31, FALSE), (56, 38, FALSE), (57, 37, FALSE), (58, 31, FALSE), (59, 40, FALSE), (60, 36, FALSE),
-- Additional reviews to reach 150 rows
(1, 33, FALSE), (1, 34, FALSE), (2, 33, FALSE), (2, 34, FALSE), (3, 31, FALSE), (3, 32, FALSE),
(4, 31, FALSE), (4, 32, FALSE), (5, 33, FALSE), (5, 34, FALSE), (6, 31, FALSE), (6, 32, FALSE),
(7, 33, FALSE), (7, 34, FALSE), (8, 31, FALSE), (8, 32, FALSE), (9, 31, FALSE), (9, 32, FALSE),
(10, 31, FALSE), (10, 32, FALSE), (11, 31, FALSE), (11, 32, FALSE), (12, 33, FALSE), (12, 34, FALSE),
(13, 31, FALSE), (13, 32, FALSE), (14, 31, FALSE), (14, 32, FALSE), (15, 33, FALSE), (15, 34, FALSE),
(16, 31, FALSE), (16, 32, FALSE), (17, 33, FALSE), (17, 34, FALSE), (18, 31, FALSE), (18, 32, FALSE);